{
	"computer science": {
		"corr": 275.0,
		"wrong": 135.0,
		"acc": 0.6707317073170732
	},
	"random": {
		"corr": 0.0,
		"wrong": 0.0
	},
	"total": {
		"corr": 275.0,
		"wrong": 135.0,
		"acc": 0.6707317073170732
	}
}