{
	"computer science": {
		"corr": 346.0,
		"wrong": 64.0,
		"acc": 0.8439024390243902
	},
	"random": {
		"corr": 0.0,
		"wrong": 0.0
	},
	"total": {
		"corr": 346.0,
		"wrong": 64.0,
		"acc": 0.8439024390243902
	}
}