{
	"computer science": {
		"corr": 268.0,
		"wrong": 142.0,
		"acc": 0.6536585365853659
	},
	"random": {
		"corr": 0.0,
		"wrong": 1.0
	},
	"total": {
		"corr": 268.0,
		"wrong": 142.0,
		"acc": 0.6536585365853659
	}
}