{
	"computer science": {
		"corr": 295.0,
		"wrong": 115.0,
		"acc": 0.7195121951219512
	},
	"random": {
		"corr": 0.0,
		"wrong": 0.0
	},
	"total": {
		"corr": 295.0,
		"wrong": 115.0,
		"acc": 0.7195121951219512
	}
}