{
	"computer science": {
		"corr": 276.0,
		"wrong": 134.0,
		"acc": 0.6731707317073171
	},
	"random": {
		"corr": 0.0,
		"wrong": 0.0
	},
	"total": {
		"corr": 276.0,
		"wrong": 134.0,
		"acc": 0.6731707317073171
	}
}