{
	"computer science": {
		"corr": 306.0,
		"wrong": 104.0,
		"acc": 0.7463414634146341
	},
	"random": {
		"corr": 0.0,
		"wrong": 0.0
	},
	"total": {
		"corr": 306.0,
		"wrong": 104.0,
		"acc": 0.7463414634146341
	}
}