{
	"computer science": {
		"corr": 356.0,
		"wrong": 54.0,
		"acc": 0.8682926829268293
	},
	"random": {
		"corr": 1.0,
		"wrong": 4.0
	},
	"total": {
		"corr": 356.0,
		"wrong": 54.0,
		"acc": 0.8682926829268293
	}
}