{
	"computer science": {
		"corr": 301.0,
		"wrong": 109.0,
		"acc": 0.7341463414634146
	},
	"random": {
		"corr": 0.0,
		"wrong": 1.0
	},
	"total": {
		"corr": 301.0,
		"wrong": 109.0,
		"acc": 0.7341463414634146
	}
}