{
	"computer science": {
		"corr": 326.0,
		"wrong": 84.0,
		"acc": 0.7951219512195122
	},
	"random": {
		"corr": 0.0,
		"wrong": 0.0
	},
	"total": {
		"corr": 326.0,
		"wrong": 84.0,
		"acc": 0.7951219512195122
	}
}