{
	"computer science": {
		"corr": 269.0,
		"wrong": 141.0,
		"acc": 0.6560975609756098
	},
	"random": {
		"corr": 0.0,
		"wrong": 0.0
	},
	"total": {
		"corr": 269.0,
		"wrong": 141.0,
		"acc": 0.6560975609756098
	}
}