{
	"computer science": {
		"corr": 333.0,
		"wrong": 77.0,
		"acc": 0.8121951219512196
	},
	"random": {
		"corr": 0.0,
		"wrong": 0.0
	},
	"total": {
		"corr": 333.0,
		"wrong": 77.0,
		"acc": 0.8121951219512196
	}
}