{
	"computer science": {
		"corr": 330.0,
		"wrong": 80.0,
		"acc": 0.8048780487804879
	},
	"random": {
		"corr": 0.0,
		"wrong": 1.0
	},
	"total": {
		"corr": 330.0,
		"wrong": 80.0,
		"acc": 0.8048780487804879
	}
}