{
	"computer science": {
		"corr": 335.0,
		"wrong": 75.0,
		"acc": 0.8170731707317073
	},
	"random": {
		"corr": 0.0,
		"wrong": 2.0
	},
	"total": {
		"corr": 335.0,
		"wrong": 75.0,
		"acc": 0.8170731707317073
	}
}