{
	"computer science": {
		"corr": 280.0,
		"wrong": 130.0,
		"acc": 0.6829268292682927
	},
	"random": {
		"corr": 0.0,
		"wrong": 0.0
	},
	"total": {
		"corr": 280.0,
		"wrong": 130.0,
		"acc": 0.6829268292682927
	}
}