{
	"computer science": {
		"corr": 331.0,
		"wrong": 79.0,
		"acc": 0.8073170731707318
	},
	"random": {
		"corr": 0.0,
		"wrong": 3.0
	},
	"total": {
		"corr": 331.0,
		"wrong": 79.0,
		"acc": 0.8073170731707318
	}
}