{
	"computer science": {
		"corr": 338.0,
		"wrong": 72.0,
		"acc": 0.824390243902439
	},
	"random": {
		"corr": 0.0,
		"wrong": 1.0
	},
	"total": {
		"corr": 338.0,
		"wrong": 72.0,
		"acc": 0.824390243902439
	}
}