{
	"computer science": {
		"corr": 337.0,
		"wrong": 73.0,
		"acc": 0.8219512195121951
	},
	"random": {
		"corr": 1.0,
		"wrong": 0.0
	},
	"total": {
		"corr": 337.0,
		"wrong": 73.0,
		"acc": 0.8219512195121951
	}
}