{
	"computer science": {
		"corr": 355.0,
		"wrong": 55.0,
		"acc": 0.8658536585365854
	},
	"random": {
		"corr": 0.0,
		"wrong": 0.0
	},
	"total": {
		"corr": 355.0,
		"wrong": 55.0,
		"acc": 0.8658536585365854
	}
}