{
	"computer science": {
		"corr": 340.0,
		"wrong": 70.0,
		"acc": 0.8292682926829268
	},
	"random": {
		"corr": 0.0,
		"wrong": 0.0
	},
	"total": {
		"corr": 340.0,
		"wrong": 70.0,
		"acc": 0.8292682926829268
	}
}