{
	"computer science": {
		"corr": 342.0,
		"wrong": 68.0,
		"acc": 0.8341463414634146
	},
	"random": {
		"corr": 0.0,
		"wrong": 0.0
	},
	"total": {
		"corr": 342.0,
		"wrong": 68.0,
		"acc": 0.8341463414634146
	}
}