{
	"computer science": {
		"corr": 277.0,
		"wrong": 133.0,
		"acc": 0.675609756097561
	},
	"random": {
		"corr": 0.0,
		"wrong": 0.0
	},
	"total": {
		"corr": 277.0,
		"wrong": 133.0,
		"acc": 0.675609756097561
	}
}