{
	"computer science": {
		"corr": 336.0,
		"wrong": 74.0,
		"acc": 0.8195121951219512
	},
	"random": {
		"corr": 0.0,
		"wrong": 2.0
	},
	"total": {
		"corr": 336.0,
		"wrong": 74.0,
		"acc": 0.8195121951219512
	}
}