{
	"computer science": {
		"corr": 303.0,
		"wrong": 107.0,
		"acc": 0.7390243902439024
	},
	"random": {
		"corr": 0.0,
		"wrong": 0.0
	},
	"total": {
		"corr": 303.0,
		"wrong": 107.0,
		"acc": 0.7390243902439024
	}
}