{
	"computer science": {
		"corr": 302.0,
		"wrong": 108.0,
		"acc": 0.7365853658536585
	},
	"random": {
		"corr": 0.0,
		"wrong": 0.0
	},
	"total": {
		"corr": 302.0,
		"wrong": 108.0,
		"acc": 0.7365853658536585
	}
}