{
	"computer science": {
		"corr": 154.0,
		"wrong": 256.0,
		"acc": 0.375609756097561
	},
	"random": {
		"corr": 0.0,
		"wrong": 0.0
	},
	"total": {
		"corr": 154.0,
		"wrong": 256.0,
		"acc": 0.375609756097561
	}
}