{
	"computer science": {
		"corr": 341.0,
		"wrong": 69.0,
		"acc": 0.8317073170731707
	},
	"random": {
		"corr": 1.0,
		"wrong": 1.0
	},
	"total": {
		"corr": 341.0,
		"wrong": 69.0,
		"acc": 0.8317073170731707
	}
}